{
	"class_name" : "PinholeCameraParameters",
	"extrinsic" : 
	[
		0.54024058508030681,
		0.50628076208673112,
		-0.67217549804568655,
		0.0,
		0.84097619569562743,
		-0.35328318670598552,
		0.40981706682881519,
		0.0,
		-0.029985805065021708,
		-0.7866834051457694,
		-0.6166279847386591,
		0.0,
		-1.5501563790062887,
		0.10118977036325605,
		4.7004095845674287,
		1.0
	],
	"intrinsic" : 
	{
		"height" : 995,
		"intrinsic_matrix" : 
		[
			861.6952767655165,
			0.0,
			0.0,
			0.0,
			861.6952767655165,
			0.0,
			806.0,
			497.0,
			1.0
		],
		"width" : 1613
	},
	"version_major" : 1,
	"version_minor" : 0
}