{
	"class_name" : "PinholeCameraParameters",
	"extrinsic" : 
	[
		0.81346376133764253,
		-0.24994192958379205,
		0.52517210591038244,
		0.0,
		-0.57901181779677913,
		-0.26266566891424192,
		0.77184976596841914,
		0.0,
		-0.054972937360893315,
		-0.9319526695115824,
		-0.35838833400119308,
		0.0,
		-0.22006374384550098,
		0.91461089675545426,
		2.8091985098833052,
		1.0
	],
	"intrinsic" : 
	{
		"height" : 995,
		"intrinsic_matrix" : 
		[
			861.6952767655165,
			0.0,
			0.0,
			0.0,
			861.6952767655165,
			0.0,
			806.0,
			497.0,
			1.0
		],
		"width" : 1613
	},
	"version_major" : 1,
	"version_minor" : 0
}