{
	"class_name" : "PinholeCameraParameters",
	"extrinsic" : 
	[
		0.68159881459069271,
		0.38370535091447405,
		-0.62305157060083149,
		0.0,
		0.72924700909227991,
		-0.42623984292573008,
		0.53527413166770277,
		0.0,
		-0.060181855060531558,
		-0.81920070799667244,
		-0.57034055119658456,
		0.0,
		-0.9511057545397712,
		0.42985165483111132,
		2.5649125387797191,
		1.0
	],
	"intrinsic" : 
	{
		"height" : 995,
		"intrinsic_matrix" : 
		[
			861.6952767655165,
			0.0,
			0.0,
			0.0,
			861.6952767655165,
			0.0,
			806.0,
			497.0,
			1.0
		],
		"width" : 1613
	},
	"version_major" : 1,
	"version_minor" : 0
}