{
	"class_name" : "PinholeCameraParameters",
	"extrinsic" : 
	[
		0.83931032076755185,
		-0.32159038620761637,
		0.43833527002958084,
		0.0,
		-0.0083357240953858824,
		-0.81379590143785085,
		-0.58109099675245479,
		0.0,
		0.54358872427311722,
		0.48406182900719624,
		-0.68570798780627673,
		0.0,
		-0.0,
		-2.2204460492503131e-16,
		3.1176914536239799,
		1.0
	],
	"intrinsic" : 
	{
		"height" : 995,
		"intrinsic_matrix" : 
		[
			861.6952767655165,
			0.0,
			0.0,
			0.0,
			861.6952767655165,
			0.0,
			806.0,
			497.0,
			1.0
		],
		"width" : 1613
	},
	"version_major" : 1,
	"version_minor" : 0
}