{
	"class_name" : "PinholeCameraParameters",
	"extrinsic" : 
	[
		0.75913398056202186,
		0.31595108224867252,
		-0.56911379633773818,
		0.0,
		-0.16212697688749278,
		-0.75497615635921189,
		-0.63539424509071007,
		0.0,
		-0.63042084588105296,
		0.57461806180711339,
		-0.52190386099707498,
		0.0,
		-0.44775525275589723,
		0.32926880558290472,
		5.7531232922641946,
		1.0
	],
	"intrinsic" : 
	{
		"height" : 995,
		"intrinsic_matrix" : 
		[
			861.6952767655165,
			0.0,
			0.0,
			0.0,
			861.6952767655165,
			0.0,
			806.0,
			497.0,
			1.0
		],
		"width" : 1613
	},
	"version_major" : 1,
	"version_minor" : 0
}