{
	"class_name" : "PinholeCameraParameters",
	"extrinsic" : 
	[
		0.24466164348440494,
		-0.47963647770258033,
		0.84266810160618533,
		0.0,
		-0.96026071613414299,
		-0.24024782307765941,
		0.14205752551691367,
		0.0,
		0.13431320581779302,
		-0.84393710237405017,
		-0.51935549480046839,
		0.0,
		0.31087292746414319,
		0.72386510310840468,
		4.2744205334889651,
		1.0
	],
	"intrinsic" : 
	{
		"height" : 995,
		"intrinsic_matrix" : 
		[
			861.6952767655165,
			0.0,
			0.0,
			0.0,
			861.6952767655165,
			0.0,
			806.0,
			497.0,
			1.0
		],
		"width" : 1613
	},
	"version_major" : 1,
	"version_minor" : 0
}