{
	"class_name" : "PinholeCameraParameters",
	"extrinsic" :
	[
		-0.72009732498621726,
		0.34664466637883196,
		-0.60108012595560223,
		0.0,
		-0.034029404415440362,
		-0.88286863003490212,
		-0.46838550547110841,
		0.0,
		-0.69303812462434189,
		-0.31682875085983536,
		0.64754745034303984,
		0.0,
		5.5511151231257827e-17,
		2.7755575615628914e-17,
		1.0190610333547947,
		1.0
	],
	"intrinsic" :
	{
		"height" : 995,
		"intrinsic_matrix" :
		[
			861.6952767655165,
			0.0,
			0.0,
			0.0,
			861.6952767655165,
			0.0,
			806.0,
			497.0,
			1.0
		],
		"width" : 1613
	},
	"version_major" : 1,
	"version_minor" : 0
}