{
	"class_name" : "PinholeCameraParameters",
	"extrinsic" : 
	[
		-0.38907947117321007,
		0.53489342634165171,
		-0.75000412503403158,
		0.0,
		-0.19589698955581392,
		-0.84357668261558716,
		-0.50000275002268768,
		0.0,
		-0.90013417588409816,
		-0.047617255315369041,
		0.43300238151964754,
		0.0,
		-0.0,
		-1.2836953722228372e-16,
		1.3104505599308407,
		1.0
	],
	"intrinsic" : 
	{
		"height" : 995,
		"intrinsic_matrix" : 
		[
			861.6952767655165,
			0.0,
			0.0,
			0.0,
			861.6952767655165,
			0.0,
			806.0,
			497.0,
			1.0
		],
		"width" : 1613
	},
	"version_major" : 1,
	"version_minor" : 0
}